{
  "swagger": "2.0",
  "info": {
    "version": "1.0.0",
    "title": "My User Project CRUD",
    "description": "My User Project Application API",
    "license": {
      "name": "MIT",
      "url": "https://opensource.org/licenses/MIT"
    }
  },
  "host": "localhost:3000",
  "basePath": "/",
  "tags": [
    {
      "name": "Users",
      "description": "API for users in the system"
    }
  ],
  "schemes": [
    "http"
  ],
  "consumes": [
    "application/json"
  ],
  "produces": [
    "application/json"
  ],
  "paths": {
    "/user": {
      "post": {
        "tags": [
          "Users"
        ],
        "description": "Create new user in system",
        "parameters": [
          {
            "name": "user",
            "in": "body",
            "description": "User that we want to create",
            "schema": {
              "$ref": "#/definitions/User"
            }
          }
        ],
        "produces": [
          "application/json"
        ],
        "responses": {
          "200": {
            "description": "New user is created",
            "schema": {
              "$ref": "#/definitions/User"
            }
          }
        }
      }
    },
    "/user/": {
      "get": {
        "tags": [
          "Users"
        ],
        "summary": "Get all users in system",
        "responses": {
          "200": {
            "description": "OK",
            "schema": {
              "$ref": "#/definitions/Users"
            }
          }
        }
      }
    },
    "/user/{email}": {
      "parameters": [
        {
          "name": "email",
          "in": "path",
          "required": true,
          "description": "Email of user that we want to find",
          "type": "string"
        }
      ],
      "get": {
        "tags": [
          "Users"
        ],
        "summary": "Get user in system",
        "responses": {
          "200": {
            "description": "OK",
            "schema": {
              "$ref": "#/definitions/Users"
            }
          }
        }
      }
    },
    "/user/delete/{id}": {
      "delete": {
        "summary": "Delete user with given ID",
        "tags": [
          "Users"
        ],
        "parameters": [
          {
            "name": "user",
            "in": "path",
            "required": true,
            "description": "ID of user that we want to find",
            "type": "string"
          }
        ],
        "responses": {
          "200": {
            "description": "User is deleted",
            "schema": {
              "$ref": "#/definitions/User"
            }
          }
        }
      }
    },
    "/user/update": {
      "patch": {
        "summary": "Update user with give ID",
        "tags": [
          "Users"
        ],
        "parameters": [
          {
            "name": "user",
            "in": "body",
            "description": "User with new values of properties",
            "schema": {
              "$ref": "#/definitions/updateUser"
            }
          }
        ],
        "responses": {
          "200": {
            "description": "User is updated",
            "schema": {
              "$ref": "#/definitions/User"
            }
          }
        }
      }
    }
  },
  "definitions": {
    "User": {
      "required": [
        "id",
        "email"
      ],
      "properties": {
        "username": {
          "type": "string"
        },
        "email": {
          "type": "string"
        },
        "password": {
          "type": "string"
        }
      }
    },
    "updateUser": {
      "required": [
        "id"
      ],
      "properties": {
        "newUsername": {
          "type": "string"
        },
        "newEmail": {
          "type": "string"
        },
        "newPassword": {
          "type": "string"
        },
        "id": {
          "type": "string"
        }
      }
    },
    "Users": {
      "type": "array",
      "$ref": "#/definitions/User"
    }

  }
}